S.no,beds,baths,size,zip_code,price,Location
0,3,2.5,2590,98144,795000,Mumbai
1,4,2,2240,98106,915000,Delhi
2,4,3,2040,98107,950000,Bengaluru
3,4,3,3800,98199,1950000,Chennai
4,2,2,1042,98102,950000,Hyderabad
5,2,2,1190,98107,740000,Kolkata
6,1,1,670,98133,460000,Pune
7,5,3.5,4510,98105,3150000,Ahmedabad
8,3,2.5,1520,98108,565000,Jaipur
9,4,2,2340,98178,699000,Chandigarh
10,3,2,1320,98103,899000,Kochi
11,3,2,1800,98177,1050000,Trivandrum
12,3,2.5,2490,98103,935625,Coimbatore
13,4,3,2650,98115,1511000,Madurai
14,5,1.5,2560,98199,1330000,Salem
15,2,1.5,900,98133,549755,Erode
16,3,3.5,1360,98103,700000,Tiruppur
17,1,1,550,98122,330000,Vellore
18,3,2.5,2974,98119,1750000,Tiruchirappalli
19,4,3.5,1989,98117,980000,Thanjavur
20,2,2,1332,98199,845000,Kanchipuram
21,4,3,2668,98116,1213000,Nagercoil
22,2,1,770,98133,530000,Thoothukudi
23,3,1.5,1280,98146,625000,Dindigul
24,5,3.5,3200,98133,1275000,Karur
25,2,1.5,889,98103,680000,Namakkal
26,1,1,508,98109,325000,Hosur
27,3,2,3140,98117,1219700,Krishnagiri
28,4,2,2000,98125,907200,Dharmapuri
29,1,1,792,98101,517000,Villupuram
30,3,2.5,1690,98108,760000,Cuddalore
31,4,5.5,3000,98126,1484000,Nellore
32,3,3,1550,98115,950000,Vijayawada
33,2,2,871,98119,430000,Guntur
34,4,1.5,1940,98118,520000,Visakhapatnam
35,1,1,474,98101,335000,Kakinada
36,3,2,1770,98146,805000,Rajahmundry
37,5,5,2510,98133,1000000,Tirupati
38,1,1,750,98199,375000,Anantapur
39,1,1,573,98102,390000,Kadapa
40,3,2.5,1500,98103,1070000,Kurnool
41,5,4,2920,98133,948000,Warangal
42,3,2,2817,98103,912000,Karimnagar
43,1,1,617,98109,480000,Nizamabad
44,2,2,1280,98112,776000,Adilabad
45,2,2,1523,98121,1395000,Nanded
46,2,1,1240,98126,750000,Aurangabad
47,4,2.5,2280,98106,1065000,Nagpur
48,5,3.5,3590,98136,2350000,Amravati
49,4,3.5,2478,98115,1580000,Akola
50,3,3,2360,98117,1775000,Solapur
51,2,1,720,98177,600000,Kolhapur
52,3,2,2480,98126,800000,Sangli
53,3,2,1550,98199,1100000,Satara
54,2,1,780,98103,750000,Ratnagiri
55,5,3,2820,98136,865000,Panaji
56,5,3,2900,98112,1450000,Margao
57,2,2,1092,98122,829000,Udupi
58,3,2,1731,98125,575000,Mangaluru
59,3,2.5,1500,98105,860000,Shivamogga
60,2,2.5,1344,98122,770000,Hubballi
61,4,5.5,4040,98105,5495000,Dharwad
62,5,3,2320,98168,560000,Belagavi
63,5,3,2820,98136,900000,Ballari
64,3,1,1070,98117,575000,Raichur
65,2,1,1113,98102,595000,Kalaburagi
66,4,2,2100,98117,950000,Bidar
67,3,2.5,2620,98119,1300000,Vijayanagara
68,3,2,1270,98103,727000,Mysuru
69,3,2,2702,98103,1605000,Mandya
70,4,3.5,2031,98117,1480000,Hassan
71,3,2,2350,98178,888000,Chikkamagaluru
72,4,1.5,2640,98115,1850000,Tumakuru
73,3,1.5,1340,98106,615000,Davangere
74,6,3.5,8660,98102,4100000,Kolar
75,2,2.5,1365,98118,525000,Chittoor
76,1,1,635,98104,509950,Sri Ganganagar
77,3,1,1800,98168,549000,Bikaner
78,2,1,870,98118,555000,Jodhpur
79,3,3.5,1510,98103,660000,Udaipur
80,3,1,1120,98106,615000,Ajmer
81,4,2.5,2580,98146,1635000,Alwar
82,2,2,875,98115,420000,Sikar
83,3,4,2220,98109,1650000,Bharatpur
84,1,1,607,98119,427000,Mathura
85,3,2,1496,98144,910000,Agra
86,4,3.5,2670,98118,1022700,Meerut
87,2,1.5,1810,98115,925000,Ghaziabad
88,1,1,582,98109,360000,Noida
89,2,2,1006,98121,928000,Greater Noida
90,3,5.5,1530,98103,635000,Faridabad
91,2,1,820,98118,490000,Gurugram
92,3,2,1960,98105,950000,Panipat
93,4,3,2110,98133,760000,Sonipat
94,4,3.5,3010,98106,985000,Rohtak
95,3,1,2200,98105,1250000,Hisar
96,3,2.5,1820,98118,690000,Karnal
97,4,4,3040,98119,1585000,Ambala
98,3,2,1800,98118,936000,Yamunanagar
99,1,1,800,98122,450000,Ludhiana
100,3,3,1450,98117,750000,Amritsar
101,1,1,756,98121,550000,Jalandhar
102,1,1,742,98126,354000,Patiala
103,4,2,2400,98119,1385000,Bathinda
104,2,2,1607,98101,1865000,Mohali
105,4,3.5,3057,98117,1800000,Hoshiarpur
106,1,1,649,98105,346600,Pathankot
107,4,4,3142,98119,1600000,Jammu
108,3,1,1050,98106,399950,Srinagar
109,3,2,1720,98199,855000,Anantnag
110,3,3.5,2650,98136,1095000,Baramulla
111,2,1.5,2680,98102,1125000,Leh
112,4,2.5,2550,98115,1560000,Kargil
113,9,4,3800,98116,1343000,Shimla
114,2,2,1320,98125,525000,Solan
115,4,2,1910,98168,630000,Mandi
116,2,1,773,98133,360000,Kullu
117,1,1,589,98121,375000,Manali
118,1,1,510,98102,302500,Dehradun
119,4,3.5,2661,98108,1165000,Haridwar
120,2,2,843,98103,346250,Roorkee
121,4,3,2250,98115,1150000,Rishikesh
122,4,1.5,2080,98116,950000,Haldwani
123,3,3.5,1370,98117,699500,Nainital
124,1,1,699,98115,335000,Almora
125,2,3,1840,98125,800000,Pithoragarh
126,4,3.5,3040,98177,1495000,Bareilly
127,2,1,858,98144,500000,Moradabad
128,5,8.5,3110,98115,1606500,Rampur
129,2,2,1147,98115,749950,Shahjahanpur
130,2,1,868,98144,415000,Kanpur
131,2,2.5,1538,98105,895000,Lucknow
132,2,1,1480,98126,720000,Unnao
133,2,2,932,98103,435000,Raebareli
134,2,2,981,98133,450000,Prayagraj
135,2,2,866,98107,555000,Varanasi
136,4,3.5,2000,98115,870000,Mirzapur
137,3,3.5,1470,98117,845000,Jaunpur
138,2,2,1840,98122,1200000,Gorakhpur
139,4,2,2230,98125,925000,Basti
140,2,1.5,1290,98115,795000,Ayodhya
141,3,2.5,1670,98178,600000,Faizabad
142,1,1,630,98146,459000,Ballia
143,3,2,1880,98144,911000,Azamgarh
144,2,2,1188,98102,1350000,Mau
145,2,1.5,1300,98133,570288,Siwan
146,1,1,857,98121,529000,Chapra
147,2,2,1071,98119,605000,Patna
148,5,4,2810,98103,1295000,Gaya
149,4,2.5,2400,98109,1595000,Bhagalpur
150,3,3.5,1670,98178,600000,Muzaffarpur
151,3,2.5,2734,98109,1605200,Darbhanga
152,3,2.5,1670,98117,865000,Madhubani
153,3,3,1530,98126,745000,Purnia
154,4,1,1720,98122,543750,Katihar
155,3,1,1200,98105,1099950,Ranchi
156,5,3,2030,98144,905000,Dhanbad
157,3,2,2370,98126,1200000,Bokaro
158,3,1.5,1720,98117,825000,Hazaribagh
159,1,1,813,98121,680000,Jamshedpur
160,3,2,1590,98106,720000,Chaibasa
161,1,1,626,98122,389200,Kolkata
162,2,1,840,98108,489000,Howrah
163,2,2,1030,98122,575000,Hooghly
164,5,2.5,2870,98168,520000,Bardhaman
165,1,1,792,98121,675000,Durgapur
166,2,1.5,994,98106,580000,Asansol
167,3,2,1630,98168,630000,Siliguri
168,3,1.5,1172,98122,685000,Jalpaiguri
169,3,2,1806,98126,799000,Cooch Behar
170,4,2.5,3060,98115,1450000,Malda
171,5,3.5,3820,98118,1350000,Berhampore
172,2,2,1328,98104,510000,Kharagpur
173,3,2.5,2350,98115,1582800,Midnapore
174,3,2.5,2080,98117,977000,Balasore
175,3,1,1000,98118,710000,Cuttack
176,2,1.5,1131,98144,685000,Bhubaneswar
177,4,3,2230,98178,1205000,Puri
178,5,3,3130,98122,2095000,Rourkela
179,5,3,3750,98107,1580000,Sambalpur
180,2,2,1080,98144,450000,Angul
181,2,2,1720,98116,985000,Jharsuguda
182,1,1,854,98107,455000,Raipur
183,3,2,1286,98136,738000,Bilaspur
184,2,1.5,1230,98122,650000,Korba
185,2,1,1422,98117,715000,Durg
186,4,3.5,3956,98125,3200000,Bhilai
187,6,5,3620,98119,1420000,Rajnandgaon
188,3,1.5,1370,98178,659950,Jagdalpur
189,1,1,700,98144,325100,Ambikapur
190,2,3,1824,98101,2458000,Jabalpur
191,1,1,956,98104,870000,Bhopal
192,4,2,2370,98115,1350000,Indore
193,4,2.5,2200,98106,825000,Ujjain
194,6,3,3020,98178,775000,Ratlam
195,5,3,3400,98168,756500,Dewas
196,3,1,1660,98115,749900,Gwalior
197,4,2,2080,98178,675000,Morena
198,2,1.5,917,98103,625000,Bhind
199,2,1,900,98126,480000,Sagar
200,4,4.5,3960,98144,2485000,Rewa
201,1,1,889,98121,723000,Satna
202,5,3.5,3310,98115,1575000,Katni
203,1,1,621,98133,289900,Chhindwara
204,3,3.5,1467,98144,859990,Seoni
205,4,2,1910,98106,685000,Nagda
206,3,2.5,1563,98118,839950,Neemuch
207,5,3.5,3340,98106,980000,Mandsaur
208,4,3,2390,98119,1300000,Vadodara
209,2,1.5,1131,98144,670000,Surat
210,2,2,1201,98103,699950,Rajkot
211,3,3,1940,98199,450000,Bhavnagar
212,1,1,519,98105,354000,Jamnagar
213,2,1,1760,98116,715000,Junagadh
214,4,3,1680,98117,905000,Porbandar
215,2,2,1192,98103,719950,Morbi
216,4,4,2300,98105,1440000,Gandhinagar
217,3,2.5,2304,98117,1100000,Mehsana
218,4,4,2650,98103,1000000,Palanpur
219,5,4,4210,98105,2625000,Himmatnagar
220,4,3,2840,98177,1350000,Anand
221,2,1,980,98107,863000,Nadiad
222,4,4.5,2440,98105,1900000,Valsad
223,2,2,1140,98117,590000,Vapi
224,4,3.5,1824,98103,1299000,Silvassa
225,2,2,1115,98121,1069000,Daman
226,4,3,2478,98105,2095000,Diu
227,2,2,1140,98133,665000,Thane
228,3,1.5,1172,98122,685000,Navi Mumbai
229,2,2,1433,98136,750000,Kalyan
230,3,2,1520,98117,760000,Dombivli
231,3,2.5,1380,98106,590000,Ulhasnagar
232,15,6,11010,98112,3700000,Bhiwandi
233,4,2,1750,98105,1025000,Vasai
234,3,2.5,3590,98103,1725000,Virar
235,1,1,646,98133,332000,Palghar
236,5,3,2040,98118,605000,Alibaug
237,2,2,1560,98115,980000,Pen
238,2,2.5,1088,98107,835000,Panvel
239,2,1,1460,98115,400000,Karjat
240,3,2,1380,98117,800000,Lonavala
241,2,1,1000,98116,793000,Mahad
242,2,2,1128,98144,625000,Mumbai
243,1,1,776,98116,515000,Delhi
244,3,2.5,2000,98106,799000,Bengaluru
245,3,2,2029,98115,685000,Chennai
246,4,5.5,2867,98115,1750000,Hyderabad
247,4,3,1180,98117,956300,Kolkata
248,3,2,1920,98199,1067000,Pune
249,2,2,2220,98126,551000,Ahmedabad
250,2,3,1300,98107,780000,Jaipur
251,1,1,596,98109,445000,Chandigarh
252,3,2,1460,98106,583000,Kochi
253,3,2.5,2500,98117,1685000,Trivandrum
254,3,2.5,1540,98122,852500,Coimbatore
255,5,3,2550,98106,940000,Madurai
256,2,2,1018,98199,545000,Salem
257,3,2.5,1520,98106,540700,Erode
258,1,1,640,98104,345000,Tiruppur
259,4,3,2190,98126,860000,Vellore
260,2,1,930,98133,620000,Tiruchirappalli
261,5,2.5,2900,98106,800000,Thanjavur
262,4,3.5,2780,98112,950000,Kanchipuram
263,3,1,2560,98125,776000,Nagercoil
264,1,1,613,98122,325000,Thoothukudi
265,3,2.5,1566,98122,875000,Dindigul
266,2,2,1245,98168,330000,Karur
267,3,2.5,1190,98144,750000,Namakkal
268,5,2.5,2760,98126,1025000,Hosur
269,4,1.5,3260,98199,1695000,Krishnagiri
270,4,3,2380,98115,1399999,Dharmapuri
271,2,2.5,1884,98116,925000,Villupuram
272,3,2.5,1712,98117,910000,Cuddalore
273,2,2,1196,98107,734999,Nellore
274,3,2,1098,98105,864950,Vijayawada
275,3,3,1250,98117,815000,Guntur
276,1,1,880,98122,700000,Visakhapatnam
277,2,1.5,822,98144,400000,Kakinada
278,4,2,1595,98118,525000,Rajahmundry
279,3,3,2380,98136,1230000,Tirupati
280,3,2,3190,98112,2700000,Anantapur
281,3,2.5,1465,98119,1175000,Kadapa
282,4,2,2910,98115,1400000,Kurnool
283,2,3,1140,98144,675000,Warangal
284,1,1,500,98168,385000,Karimnagar
285,3,2,1580,98126,942000,Nizamabad
286,1,1,683,98121,601000,Adilabad
287,5,3,2430,98133,915000,Nanded
288,2,2,1128,98136,479950,Aurangabad
289,2,2,2360,98199,1460000,Nagpur
290,3,2.5,1396,98136,780000,Amravati
291,1,1,615,98102,485000,Akola
292,4,2,2340,98115,925000,Solapur
293,4,1.5,2140,98125,700500,Kolhapur
294,4,3,2980,98105,1090000,Sangli
295,3,1.5,1390,98168,412000,Satara
296,2,1,720,98106,525000,Ratnagiri
297,1,1,712,98133,325000,Panaji
298,4,2.5,1850,98108,945000,Margao
299,3,4.5,1710,98126,725000,Udupi
300,2,1,970,98106,386000,Mangaluru
301,3,2,1606,98109,1450000,Shivamogga
302,3,2.5,1815,98103,1295000,Hubballi
303,2,1,1120,98122,700000,Dharwad
304,4,2,2220,98177,995000,Belagavi
305,1,1,570,98116,345000,Ballari
306,3,2,1460,98117,888000,Raichur
307,5,3,3820,98116,1575000,Kalaburagi
308,3,3.5,2480,98119,1795000,Bidar
309,5,3,2777,98125,1338600,Vijayanagara
310,2,2,1170,98144,624999,Mysuru
311,1,1,587,98125,260000,Mandya
312,3,1,1430,98103,980000,Hassan
313,2,5.5,1320,98144,679950,Chikkamagaluru
314,2,2,2170,98116,893000,Tumakuru
315,1,1,635,98102,495000,Davangere
316,3,1.5,1630,98115,895000,Kolar
317,2,2,1900,98122,1310000,Chittoor
318,3,2,1760,98106,689000,Sri Ganganagar
319,3,2.5,1712,98107,970000,Bikaner
320,4,2.5,3190,98102,1820000,Jodhpur
321,4,3.5,3590,98109,2900000,Udaipur
322,1,1,630,98133,255000,Ajmer
323,2,2,1150,98121,615000,Alwar
324,5,2,1830,98118,665000,Sikar
325,2,1,760,98144,250000,Bharatpur
326,3,2.5,2600,98117,1148000,Mathura
327,3,2,2130,98107,990200,Agra
328,3,3.5,2899,98199,1800000,Meerut
329,3,1,1090,98178,400000,Ghaziabad
330,4,4,3360,98107,1200000,Noida
331,4,2.5,2240,98117,1050000,Greater Noida
332,2,1,886,98112,620000,Faridabad
333,3,2,1560,98106,799000,Gurugram
334,4,2,1730,98146,852000,Panipat
335,3,2,1700,98115,1150000,Sonipat
336,4,3.5,1909,98103,1500000,Rohtak
337,3,2,2180,98117,1012000,Hisar
338,1,1,681,98105,470000,Karnal
339,3,3,1460,98144,1000000,Ambala
340,1,1,704,98119,365000,Yamunanagar
341,2,1,1010,98125,549950,Ludhiana
342,2,2.5,1635,98102,1850000,Amritsar
343,2,1.5,1022,98144,655000,Jalandhar
344,3,1,990,98146,635000,Patiala
345,2,2,1164,98117,706474,Bathinda
346,1,1,583,98119,349000,Mohali
347,2,1.5,888,98103,700000,Hoshiarpur
348,4,2,2740,98119,1400000,Pathankot
349,3,2,1670,98118,485000,Jammu
350,3,1,830,98125,660000,Srinagar
351,2,2,1200,98122,705000,Anantnag
352,3,3.5,2530,98102,1299000,Baramulla
353,4,3,2660,98117,1360000,Leh
354,4,2,2820,98117,1441000,Kargil
355,2,1,1011,98103,159488,Shimla
356,2,1.5,1088,98106,590000,Solan
357,6,3.5,3785,98117,3150000,Mandi
358,3,2,1540,98144,630000,Kullu
359,2,1.5,1180,98168,575000,Manali
360,3,3.5,1968,98199,980000,Dehradun
361,1,1,610,98119,340000,Haridwar
362,2,2,1346,98116,800000,Roorkee
363,2,2.5,1320,98133,570000,Rishikesh
364,3,3.5,3064,98121,2450000,Haldwani
365,3,2,2980,98115,1415000,Nainital
366,4,3.5,3050,98102,2250000,Almora
367,3,2,2020,98133,917500,Pithoragarh
368,3,2.5,1926,98122,1148000,Bareilly
369,2,1,1330,98125,479000,Moradabad
370,3,2,2410,98199,1083000,Rampur
371,2,2.5,1580,98106,699000,Shahjahanpur
372,3,1,1030,98105,710000,Kanpur
373,3,3,1630,98168,615000,Lucknow
374,4,2.5,2370,98146,750000,Unnao
375,1,1,783,98101,530000,Raebareli
376,4,1,1310,98146,735000,Prayagraj
377,3,2,1996,98117,986500,Varanasi
378,3,2,1580,98126,820000,Mirzapur
379,1,1,781,98122,481000,Jaunpur
380,2,2,1517,98105,1350000,Gorakhpur
381,4,2,2360,98115,950000,Basti
382,3,2,1496,98144,824500,Ayodhya
383,2,2.5,1250,98117,725000,Faizabad
384,2,2,1810,98119,1350000,Ballia
385,1,1,531,98121,489000,Azamgarh
386,4,2.5,2380,98105,1900000,Mau
387,2,2,1095,98177,599950,Siwan
388,2,2,1080,98106,533500,Chapra
389,2,2,1146,98112,845000,Patna
390,4,2.5,1544,98117,850000,Gaya
391,1,1,707,98122,590000,Bhagalpur
392,4,3,2067,98122,1074900,Muzaffarpur
393,4,3,2360,98115,1360000,Darbhanga
394,2,2,724,98103,430000,Madhubani
395,2,2.5,1649,98118,765000,Purnia
396,5,2.5,2180,98118,1009975,Katihar
397,3,2,1960,98199,955000,Ranchi
398,1,1,727,98103,445000,Dhanbad
399,3,2,1209,98116,725000,Bokaro
400,1,1,650,98116,349000,Hazaribagh
401,5,3,3070,98117,1450000,Jamshedpur
402,4,2.5,2130,98136,960000,Chaibasa
403,4,2.5,2220,98144,1235000,Kolkata
404,4,3,2288,98126,1105000,Howrah
405,2,2,1370,98121,1050000,Hooghly
406,5,3,3120,98178,795000,Bardhaman
407,4,2.5,2180,98115,1275000,Durgapur
408,3,2,1590,98146,560000,Asansol
409,3,1.5,2220,98115,930000,Siliguri
410,1,1,813,98178,240000,Jalpaiguri
411,1,1,574,98109,280000,Cooch Behar
412,4,2,2480,98122,825000,Malda
413,4,3,3320,98116,750000,Berhampore
414,2,1,1720,98118,575000,Kharagpur
415,3,2,2050,98109,1265000,Midnapore
416,4,3,2370,98115,1830000,Balasore
417,4,5,3660,98118,2695000,Cuttack
418,3,3.5,1670,98107,1115000,Bhubaneswar
419,2,3.5,990,98178,405000,Puri
420,3,3,3120,98199,1350000,Rourkela
421,3,2,2260,98199,1300000,Sambalpur
422,2,1,650,98103,708888,Angul
423,3,3.5,1540,98126,699950,Jharsuguda
424,3,3.5,1980,98144,1055000,Raipur
425,3,1,2160,98115,920000,Bilaspur
426,4,2.5,3080,98117,1650000,Korba
427,2,3,1740,98105,1395000,Durg
428,3,2,1900,98112,1766000,Bhilai
429,9,5,3940,98133,1089000,Rajnandgaon
430,2,1.5,1366,98116,839000,Jagdalpur
431,4,1.5,1920,98125,850000,Ambikapur
432,1,1,715,98115,515000,Jabalpur
433,3,2.5,1610,98107,895000,Bhopal
434,6,4,2960,98199,1050000,Indore
435,4,2,1810,98117,945000,Ujjain
436,2,2,1125,98102,705000,Ratlam
437,2,2,1893,98115,727000,Dewas
438,3,2,1096,98117,875000,Gwalior
439,3,4.5,3760,98199,1570000,Morena
440,4,2.5,2720,98136,1315000,Bhind
441,2,2,1510,98105,915000,Sagar
442,2,2,1350,98119,1035000,Rewa
443,4,3.5,2980,98112,2400000,Satna
444,2,2,1443,98168,325000,Katni
445,2,2,1170,98115,428000,Chhindwara
446,5,2,2260,98117,865000,Seoni
447,3,2,1990,98146,730000,Nagda
448,2,1.5,1555,98122,677500,Neemuch
449,3,2,2350,98122,1140000,Mandsaur
450,2,1,1440,98125,699950,Vadodara
451,1,1,627,98107,429000,Surat
452,1,1,551,98121,410000,Rajkot
453,2,1,770,98126,560000,Bhavnagar
454,3,2.5,1570,98103,700000,Jamnagar
455,1,1,699,98199,390000,Junagadh
456,3,3,2650,98105,1600000,Porbandar
457,2,1.5,1070,98103,850000,Morbi
458,3,0.5,1941,98103,892700,Gandhinagar
459,3,2.5,2030,98115,1439000,Mehsana
460,2,1,1620,98178,619000,Palanpur
461,2,2.5,1400,98103,850000,Himmatnagar
462,3,2,2354,98115,938000,Anand
463,2,3.5,1155,98118,219700,Nadiad
464,3,1,1340,98177,785000,Valsad
465,2,1,903,98146,363500,Vapi
466,3,1.5,1220,98103,599000,Silvassa
467,2,1,1250,98118,500000,Daman
468,2,2,1040,98133,625000,Diu
469,2,1,1660,98109,850000,Thane
470,1,1,744,98115,345000,Navi Mumbai
471,2,1.5,805,98107,500000,Kalyan
472,3,1,1060,98117,1125000,Dombivli
473,5,3.5,3160,98112,2300000,Ulhasnagar
474,3,3,1120,98168,525000,Bhiwandi
475,4,2.5,1881,98133,870000,Vasai
476,5,2.5,3460,98144,2425000,Virar
477,1,1,376,98199,1000000,Palghar
478,2,2,880,98126,680000,Alibaug
479,1,1,794,98121,660000,Pen
480,3,2,1340,98103,925000,Panvel
481,4,2.5,2560,98116,1712000,Karjat
482,4,2,2178,98133,880000,Lonavala
483,2,1,1180,98122,870260,Mahad
484,4,3.5,3220,98199,2195000,Mumbai
485,3,3,2070,98136,730000,Delhi
486,3,2.5,2131,98119,1520000,Bengaluru
487,2,3,970,98102,769900,Chennai
488,6,3.5,2430,98108,870000,Hyderabad
489,3,2.5,1395,98116,725000,Kolkata
490,3,2.5,1810,98125,922000,Pune
491,2,1,904,98122,520000,Ahmedabad
492,1,1,717,98109,425000,Jaipur
493,5,3,2170,98178,775000,Chandigarh
494,4,3,3120,98144,1670000,Kochi
495,3,2,1870,98136,849000,Trivandrum
496,4,3.5,2285,98116,1500000,Coimbatore
497,3,2.5,2783,98199,1640000,Madurai
498,4,2,2540,98107,1280000,Salem
499,2,2,1734,98109,725000,Erode
500,2,1,1010,98125,870000,Tiruppur
501,3,2.5,1420,98103,890000,Vellore
502,3,1,1410,98118,475000,Tiruchirappalli
503,3,2,2320,98115,880000,Thanjavur
504,1,1,553,98103,335000,Kanchipuram
505,3,2,1719,98103,1160000,Nagercoil
506,4,2,2037,98119,1247500,Thoothukudi
507,1,1,954,98101,555000,Dindigul
508,2,1.5,1370,98115,700000,Karur
509,2,1,1480,98117,905000,Namakkal
510,5,4.5,3636,98115,2840000,Hosur
511,3,1.5,1780,98126,650000,Krishnagiri
512,3,2,1094,98108,649995,Dharmapuri
513,1,1,830,98103,695000,Villupuram
514,2,2,834,98126,351000,Cuddalore
515,2,1.5,1035,98112,656500,Nellore
516,4,3,2790,98133,965000,Vijayawada
517,2,2,859,98126,499950,Guntur
518,4,3.5,5690,98112,3630000,Visakhapatnam
519,2,1,772,98103,409000,Kakinada
520,3,1,1430,98168,499800,Rajahmundry
521,3,2.5,1460,98106,575000,Tirupati
522,3,2.5,1386,98107,999950,Anantapur
523,5,3,2310,98106,780000,Kadapa
524,2,1.5,1340,98115,675000,Kurnool
525,2,4,1291,98116,800500,Warangal
526,3,2.5,2320,98116,949000,Karimnagar
527,3,2.5,2150,98116,1360000,Nizamabad
528,2,2,1885,98115,550000,Adilabad
529,3,2,1425,98117,750000,Nanded
530,3,2.5,1810,98107,1000000,Aurangabad
531,2,1,1280,98118,859000,Nagpur
532,3,3,1480,98117,729000,Amravati
533,3,3,2110,98177,1270000,Akola
534,2,1,1027,98115,300000,Solapur
535,1,1,808,98101,730000,Kolhapur
536,3,2.5,1569,98107,950000,Sangli
537,3,3,2247,98109,1725000,Satara
538,3,1,1220,98107,750000,Ratnagiri
539,2,1,1060,98103,900000,Panaji
540,4,2,1920,98118,1210000,Margao
541,1,1,804,98116,425000,Udupi
542,2,1,813,98116,452500,Mangaluru
543,4,1.5,1740,98146,649950,Shivamogga
544,3,1.5,2230,98117,1075000,Hubballi
545,4,2.5,2760,98178,640000,Dharwad
546,3,3,1660,98118,795000,Belagavi
547,3,2.5,1360,98112,805000,Ballari
548,4,4.5,5200,98118,2600000,Raichur
549,3,2.5,1573,98107,1030000,Kalaburagi
550,1,1,700,98101,645000,Bidar
551,4,3,1700,98146,649000,Vijayanagara
552,4,3.5,2560,98144,1325000,Mysuru
553,3,2,1330,98122,680000,Mandya
554,4,2,2180,98115,838000,Hassan
555,3,2,1350,98103,785000,Chikkamagaluru
556,2,1.5,1720,98144,725000,Tumakuru
557,4,3.5,3060,98136,3931000,Davangere
558,2,2,954,98133,380000,Kolar
559,2,2.5,1460,98106,599950,Chittoor
560,4,3,1540,98105,1108000,Sri Ganganagar
561,1,1,709,98109,470000,Bikaner
562,3,1.5,2560,98118,720000,Jodhpur
563,1,1,534,98119,324000,Udaipur
564,2,2.5,1440,98144,875000,Ajmer
565,1,1,627,98121,462750,Alwar
566,3,2.5,1324,98126,649950,Sikar
567,2,2,1290,98125,635000,Bharatpur
568,1,1,748,98122,499000,Mathura
569,2,2.5,1830,98116,1730000,Agra
570,3,2,1660,98115,795000,Meerut
571,3,1,1964,98168,625000,Ghaziabad
572,3,2,1460,98116,759000,Noida
573,1,1,683,98119,450500,Greater Noida
574,4,2,2060,98115,812500,Faridabad
575,4,2,1160,98103,710000,Gurugram
576,3,2,1540,98144,680000,Panipat
577,1,1,529,98118,265000,Sonipat
578,2,1,1860,98105,898000,Rohtak
579,1,1,648,98115,515000,Hisar
580,5,4,4490,98122,1150000,Karnal
581,6,4,2310,98108,849000,Ambala
582,3,3.5,3130,98105,2350000,Yamunanagar
583,2,1,2110,98146,376000,Ludhiana
584,3,1.5,1590,98108,700000,Amritsar
585,3,2.5,1280,98105,900000,Jalandhar
586,2,1,840,98118,495000,Patiala
587,3,2,2020,98125,950000,Bathinda
588,4,3,3610,98105,2330000,Mohali
589,4,3.5,2336,98115,1080000,Hoshiarpur
590,2,1,1040,98133,350000,Pathankot
591,1,1,620,98119,399000,Jammu
592,1,1,728,98119,360000,Srinagar
593,3,2.5,1970,98103,715000,Anantnag
594,4,3,2190,98115,1490000,Baramulla
595,4,3,2120,98126,920000,Leh
596,2,2,1415,98125,449000,Kargil
597,4,3.5,1835,98103,1299950,Shimla
598,2,4.5,1670,98107,1115000,Solan
599,3,3.5,2570,98105,2000000,Mandi
600,3,2,2060,98118,700000,Kullu
601,3,2.5,1740,98102,1678000,Manali
602,5,3,2510,98103,910000,Dehradun
603,2,2.5,1000,98144,660000,Haridwar
604,3,2,1516,98116,1150000,Roorkee
605,3,1,940,98136,500000,Rishikesh
606,4,2,2440,98144,1116000,Haldwani
607,5,4,2470,98118,1005000,Nainital
608,2,2,1288,98133,755000,Almora
609,4,3.5,3240,98112,1995000,Pithoragarh
610,2,2,693,98119,490000,Bareilly
611,3,2.5,1550,98107,825000,Moradabad
612,4,2,2080,98106,750000,Rampur
613,4,3,1400,98107,1000000,Shahjahanpur
614,2,2.5,1159,98122,885000,Kanpur
615,2,1.5,901,98107,599000,Lucknow
616,4,3,2900,98136,1175000,Unnao
617,4,2.5,2052,98178,865000,Raebareli
618,1,1,773,98121,685000,Prayagraj
619,2,2,1040,98118,345000,Varanasi
620,2,2,2353,98116,1160000,Mirzapur
621,2,2,1212,98136,600000,Jaunpur
622,5,2,2640,98122,1000000,Gorakhpur
623,2,1,1090,98118,580000,Basti
624,5,2.5,3960,98199,1850000,Ayodhya
625,4,1.5,3030,98112,1500000,Faizabad
626,4,2.5,3080,98168,650000,Ballia
627,1,1,700,98119,405000,Azamgarh
628,2,1.5,1276,98103,885000,Mau
629,3,1,910,98168,480000,Siwan
630,5,3.5,4180,98109,3000000,Chapra
631,1,1,852,98107,430000,Patna
632,5,1.5,2830,98118,766000,Gaya
633,2,1,970,98116,600000,Bhagalpur
634,3,2,1576,98122,974999,Muzaffarpur
635,1,1,667,98115,327500,Darbhanga
636,3,2,1080,98116,875000,Madhubani
637,2,5.5,2659,98102,6250000,Purnia
638,5,5,3623,98115,1975000,Katihar
639,4,3.5,2520,98199,1765000,Ranchi
640,4,3.5,2720,98102,1750000,Dhanbad
641,2,2,968,98103,715000,Bokaro
642,2,2,839,98133,385000,Hazaribagh
643,2,3.5,2080,98103,1495000,Jamshedpur
644,2,2,693,98119,480000,Chaibasa
645,2,2.5,1365,98118,525000,Kolkata
646,2,1,1580,98178,500000,Howrah
647,2,1,860,98116,750000,Hooghly
648,2,2,1038,98116,600000,Bardhaman
649,4,3,2860,98103,1600000,Durgapur
650,1,1,557,98102,370000,Asansol
651,2,2,1644,98101,2250000,Siliguri
652,5,2,2340,98106,613000,Jalpaiguri
653,3,2.5,1810,98107,1000000,Cooch Behar
654,2,1,2530,98122,700000,Malda
655,3,3.5,1820,98122,1125000,Berhampore
656,2,1,648,98107,430000,Kharagpur
657,2,2.5,1448,98103,1325000,Midnapore
658,2,1,1660,98125,535000,Balasore
659,5,3,2970,98117,1225000,Cuttack
660,5,4,3030,98108,1250000,Bhubaneswar
661,3,2,1400,98106,530000,Puri
662,2,1.5,900,98133,549755,Rourkela
663,3,2,2740,98144,1278500,Sambalpur
664,2,1,720,98117,545000,Angul
665,4,2.5,1880,98117,1050000,Jharsuguda
666,3,2.5,1681,98126,650000,Raipur
667,4,2,3325,98199,1650000,Bilaspur
668,5,3.5,4397,98105,3400000,Korba
669,3,1.5,1540,98126,689000,Durg
670,3,1,1530,98146,435000,Bhilai
671,2,2,1015,98115,468000,Rajnandgaon
672,4,3,2340,98108,780000,Jagdalpur
673,1,1,836,98121,605000,Ambikapur
674,1,1,492,98146,205000,Jabalpur
675,3,3,1880,98107,999950,Bhopal
676,2,2,1570,98103,849000,Indore
677,4,2.5,1806,98118,745000,Ujjain
678,2,2,1595,98119,945000,Ratlam
679,2,2,1526,98199,893000,Dewas
680,3,2.5,1346,98107,899000,Gwalior
681,3,2,1600,98117,877500,Morena
682,2,2,1170,98112,655000,Bhind
683,3,2.5,1660,98144,690000,Sagar
684,1,1,707,98133,325000,Rewa
685,3,2,1390,98116,899950,Satna
686,3,2,2900,98199,1305000,Katni
687,1,1,704,98144,519950,Chhindwara
688,3,4,2400,98122,1460000,Seoni
689,3,1,1120,98112,985000,Nagda
690,4,2,1710,98117,1170000,Neemuch
691,3,2,1880,98122,955000,Mandsaur
692,3,3,1454,98122,890955,Vadodara
693,14,5,3884,98106,1300000,Surat
694,3,1.5,2300,98107,1125000,Rajkot
695,4,3,2520,98105,1025000,Bhavnagar
696,4,3,3335,98115,1325000,Jamnagar
697,3,2.5,2118,98118,837000,Junagadh
698,2,1,910,98117,825000,Porbandar
699,4,1,2080,98117,800000,Morbi
700,2,1,2520,98122,810000,Gandhinagar
701,3,2,1560,98116,965000,Mehsana
702,2,1,1130,98199,1180000,Palanpur
703,1,1,543,98121,425000,Himmatnagar
704,1,1,620,98178,524950,Anand
705,3,3,1720,98177,865000,Nadiad
706,2,2,1015,98115,500000,Valsad
707,1,1,530,98118,390800,Vapi
708,4,2,1350,98106,700000,Silvassa
709,3,2.5,1510,98133,717500,Daman
710,1,1.5,1021,98101,1099900,Diu
711,3,1,1730,98103,900000,Thane
712,2,2,3120,98118,1050000,Navi Mumbai
713,4,2.5,2172,98105,975000,Kalyan
714,3,3.5,1410,98117,740000,Dombivli
715,1,1,578,98121,379000,Ulhasnagar
716,2,2,1350,98117,960000,Bhiwandi
717,2,2,900,98102,1650000,Vasai
718,2,2.5,1865,98109,890000,Virar
719,2,2,1174,98109,779000,Palghar
720,3,1.5,1250,98178,552000,Alibaug
721,5,3,3590,98117,1700000,Pen
722,3,2,1548,98117,850000,Panvel
723,4,3,3030,98115,1119000,Karjat
724,1,1,622,98103,387000,Lonavala
725,4,2,2245,98178,775000,Mahad
726,4,3.5,2627,98118,1650000,Mumbai
727,4,2.5,3680,98118,1880000,Delhi
728,2,1,2170,98199,950000,Bengaluru
729,3,1,1600,98119,1023000,Chennai
730,2,2.5,2803,98101,2320000,Hyderabad
731,3,1.5,2120,98105,865000,Kolkata
732,3,2.5,1980,98146,675000,Pune
733,3,2,1370,98103,1270000,Ahmedabad
734,1,1,723,98133,315000,Jaipur
735,4,1.5,1300,98122,975000,Chandigarh
736,3,2,1060,98106,599000,Kochi
737,1,1,531,98121,396000,Trivandrum
738,2,1,770,98106,490000,Coimbatore
739,4,3,2470,98115,1180000,Madurai
740,3,2.5,2260,98103,1406000,Salem
741,2,1.5,1120,98103,605000,Erode
742,3,3.5,1936,98122,1295000,Tiruppur
743,2,2.5,1560,98117,730000,Vellore
744,2,2,1020,98118,605000,Tiruchirappalli
745,3,2,1100,98122,645000,Thanjavur
746,3,2,2120,98103,1130000,Kanchipuram
747,2,2.5,1400,98102,1062500,Nagercoil
748,2,2,1429,98126,855000,Thoothukudi
749,3,2.5,1320,98117,835000,Dindigul
750,4,4.5,4790,98144,1750000,Karur
751,3,1,1070,98168,515000,Namakkal
752,2,2.5,1966,98103,1495000,Hosur
753,2,2,1146,98116,675000,Krishnagiri
754,3,2.5,1047,98144,720000,Dharmapuri
755,2,1.5,1760,98144,650000,Villupuram
756,2,2,1030,98125,826500,Cuddalore
757,3,2,1514,98107,915000,Nellore
758,3,1.5,1520,98146,720000,Vijayawada
759,4,3.5,3360,98136,1575000,Guntur
760,3,2,1910,98136,725000,Visakhapatnam
761,2,2.5,1550,98122,1051500,Kakinada
762,1,1,641,98122,349000,Rajahmundry
763,3,3,1190,98144,765000,Tirupati
764,4,2,2640,98122,700000,Anantapur
765,2,1.5,938,98106,425000,Kadapa
766,3,3.5,2206,98103,1116000,Kurnool
767,1,1,680,98104,355000,Warangal
768,2,1,749,98103,489000,Karimnagar
769,2,2,1353,98115,785000,Nizamabad
770,1,1,250,98103,159000,Adilabad
771,8,4,3136,98146,1005000,Nanded
772,2,2,1149,98115,730000,Aurangabad
773,1,1,861,98126,405000,Nagpur
774,4,2.5,2050,98177,805000,Amravati
775,2,2,1106,98109,700000,Akola
776,3,3.5,1930,98125,600000,Solapur
777,4,3,3090,98168,210000,Kolhapur
778,3,2,2437,98118,1275000,Sangli
779,2,2.5,1330,98105,699950,Satara
780,3,2,1680,98136,910000,Ratnagiri
781,2,2,834,98115,552450,Panaji
782,2,2,1112,98177,675000,Margao
783,1,1,626,98115,275000,Udupi
784,2,1,1230,98144,326000,Mangaluru
785,4,2.5,2840,98105,1200000,Shivamogga
786,2,1.5,1115,98107,745000,Hubballi
787,4,2,2240,98106,750000,Dharwad
788,3,3,1687,98115,946000,Belagavi
789,4,3,1900,98103,1150000,Ballari
790,3,3,1970,98177,1395000,Raichur
791,3,2.5,1512,98144,760000,Kalaburagi
792,1,1,696,98122,449000,Bidar
793,2,1.5,806,98106,510000,Vijayanagara
794,2,2,1319,98107,838000,Mysuru
795,2,1,2300,98168,525000,Mandya
796,2,1.5,1127,98102,1008000,Hassan
797,4,2,2280,98168,640000,Chikkamagaluru
798,2,2,1120,98126,789500,Tumakuru
799,4,3,1960,98136,1270000,Davangere
800,1,1,627,98101,335000,Kolar
801,2,2,1228,98109,900000,Chittoor
802,3,2,1800,98117,1130000,Sri Ganganagar
803,1,1,883,98119,500000,Bikaner
804,4,1,1190,98106,463900,Jodhpur
805,5,5.5,5770,98122,5000000,Udaipur
806,2,2.5,1710,98117,875000,Ajmer
807,2,2,968,98103,700000,Alwar
808,2,1,790,98178,532500,Sikar
809,1,1,376,98199,1000000,Bharatpur
810,6,5.5,4510,98178,2202718,Mathura
811,3,2,1300,98199,1100000,Agra
812,3,3.5,2106,98115,1266000,Meerut
813,3,2.5,1573,98107,1099950,Ghaziabad
814,4,2,2870,98168,703500,Noida
815,4,3.5,4006,98199,2940000,Greater Noida
816,2,1,1060,98108,875000,Faridabad
817,1,1,562,98199,285000,Gurugram
818,3,2.5,1610,98199,840000,Panipat
819,2,3,1212,98136,600000,Sonipat
820,4,2.5,2390,98115,1350000,Rohtak
821,2,1,1080,98199,950000,Hisar
822,2,1,1350,98126,850000,Karnal
823,4,3.5,2795,98122,1740000,Ambala
824,2,2,1369,98116,720000,Yamunanagar
825,2,1,970,98103,1075000,Ludhiana
826,3,3.5,1820,98122,1250000,Amritsar
827,3,2,1770,98168,500000,Jalandhar
828,6,4,3280,98118,999950,Patiala
829,3,1,1260,98168,440000,Bathinda
830,4,2.5,1939,98107,1025000,Mohali
831,1,1,610,98101,679950,Hoshiarpur
832,4,3,2200,98118,874999,Pathankot
833,3,3.5,3036,98121,3250000,Jammu
834,3,2.5,1861,98121,1395000,Srinagar
835,3,2,1650,98126,750000,Anantnag
836,1,1,722,98118,299900,Baramulla
837,3,2,1260,98133,615000,Leh
838,2,2.5,2714,98102,1735000,Kargil
839,2,2,1020,98118,605000,Shimla
840,3,3.5,1471,98144,799990,Solan
841,3,2.5,1500,98119,1023500,Mandi
842,2,1,1080,98118,650000,Kullu
843,4,2.5,1544,98117,889000,Manali
844,2,2,1004,98125,320000,Dehradun
845,4,2,1470,98118,460000,Haridwar
846,4,2,1680,98107,930000,Roorkee
847,4,2,2420,98126,948750,Rishikesh
848,4,3.5,2011,98136,1130000,Haldwani
849,2,2,896,98107,549250,Nainital
850,2,2,1415,98125,445000,Almora
851,2,2.5,840,98144,629000,Pithoragarh
852,1,1,434,98102,345000,Bareilly
853,4,2.5,2730,98146,1175000,Moradabad
854,3,1.5,1350,98118,599000,Rampur
855,3,3.5,1740,98122,840000,Shahjahanpur
856,3,2.5,1940,98118,1140000,Kanpur
857,4,1,1340,98144,685000,Lucknow
858,2,2,1110,98103,689000,Unnao
859,3,2.5,1380,98115,613000,Raebareli
860,3,2.5,1400,98136,785000,Prayagraj
861,3,2,2110,98108,815000,Varanasi
862,1,1,557,98102,399950,Mirzapur
863,3,2,1830,98126,835000,Jaunpur
864,3,2,1480,98116,780000,Gorakhpur
865,3,1.5,1550,98133,835000,Basti
866,3,2,1670,98146,620000,Ayodhya
867,4,2.5,2890,98115,1650000,Faizabad
868,3,3.5,1590,98136,820000,Ballia
869,1,1,630,98109,439900,Azamgarh
870,4,2,1440,98126,760000,Mau
871,3,2.5,2529,98122,1650000,Siwan
872,3,3,1086,98144,539950,Chapra
873,3,2,1565,98103,985000,Patna
874,2,2,916,98121,760000,Gaya
875,3,7,2190,98112,1868000,Bhagalpur
876,2,2,1400,98115,530000,Muzaffarpur
877,3,3.5,1352,98115,886000,Darbhanga
878,4,4,2030,98115,1349000,Madhubani
879,3,2,1455,98117,959822,Purnia
880,5,4,3240,98199,1825000,Katihar
881,3,2,924,98126,422000,Ranchi
882,2,2,1470,98115,825000,Dhanbad
883,3,2,1758,98103,1130000,Bokaro
884,3,2.5,1830,98116,960000,Hazaribagh
885,2,1,1019,98107,640000,Jamshedpur
886,4,3,2970,98102,1950000,Chaibasa
887,3,3.5,1500,98103,700000,Kolkata
888,3,2,2020,98119,900000,Howrah
889,3,3.5,2188,98112,1700000,Hooghly
890,1,1,507,98101,460000,Bardhaman
891,2,1.5,1131,98144,699950,Durgapur
892,2,2,982,98122,705000,Asansol
893,2,2,1889,98112,2750000,Siliguri
894,2,1,1440,98133,699990,Jalpaiguri
895,2,2,789,98107,475000,Cooch Behar
896,2,2,1131,98116,575000,Malda
897,4,3,3300,98199,1995000,Berhampore
898,4,2,2510,98115,1025000,Kharagpur
899,2,2.5,1580,98178,1790000,Midnapore
900,1,2,966,98121,640000,Balasore
901,1,1,703,98126,350000,Cuttack
902,2,2,1220,98118,600000,Bhubaneswar
903,9,5,3590,98117,1100400,Puri
904,6,5.5,4299,98115,3300000,Rourkela
905,1,1,900,98105,369950,Sambalpur
906,3,2.5,1260,98117,750000,Angul
907,2,2.5,1048,98115,760000,Jharsuguda
908,4,1,1470,98125,699999,Raipur
909,1,1,1113,98102,595000,Bilaspur
910,2,2,1570,98103,715000,Korba
911,3,2.5,2740,98117,1375000,Durg
912,2,2.5,1470,98103,885000,Bhilai
913,4,2,1710,98118,685000,Rajnandgaon
914,3,2.5,1580,98103,1095000,Jagdalpur
915,2,1,800,98125,550000,Ambikapur
916,3,1,980,98103,500000,Jabalpur
917,5,3.5,3700,98122,2075000,Bhopal
918,4,2,2352,98199,1450000,Indore
919,3,3,2320,98125,675000,Ujjain
920,2,2,1503,98108,729000,Ratlam
921,4,5.5,2410,98146,1500000,Dewas
922,2,1.5,950,98103,1270000,Gwalior
923,3,1.5,1640,98103,1060000,Morena
924,3,1.5,2440,98112,1400000,Bhind
925,1,1,594,98105,405000,Sagar
926,4,2,1480,98118,665000,Rewa
927,3,2.5,1220,98118,618000,Satna
928,3,2,2740,98177,1305000,Katni
929,3,3,2160,98118,1300000,Chhindwara
930,2,2,1400,98199,850000,Seoni
931,3,2.5,2650,98136,1112000,Nagda
932,2,2,2735,98121,871000,Neemuch
933,1,1,750,98116,420000,Mandsaur
934,2,1,1201,98126,605000,Vadodara
935,6,6,3488,98103,1225000,Surat
936,4,2,1742,98105,781000,Rajkot
937,4,2,2390,98105,1195000,Bhavnagar
938,3,1,4018,98122,517500,Jamnagar
939,3,3.5,1530,98117,1089000,Junagadh
940,1,1,600,98112,370000,Porbandar
941,5,3.5,3340,98112,2500000,Morbi
942,2,1,2060,98106,525000,Gandhinagar
943,3,2.5,1650,98106,675000,Mehsana
944,1,1,640,98144,497000,Palanpur
945,2,2,1106,98109,1470000,Himmatnagar
946,2,2,1200,98199,519000,Anand
947,3,2.5,1390,98126,575000,Nadiad
948,3,2,1759,98116,890000,Valsad
949,2,1.5,1690,98118,779000,Vapi
950,4,3.5,2191,98103,1394600,Silvassa
951,3,2.5,1380,98144,655000,Daman
952,2,2,877,98115,415000,Diu
953,5,4,2754,98126,956000,Thane
954,3,2,2770,98115,700000,Navi Mumbai
955,1,1,515,98116,309000,Kalyan
956,3,2,2029,98115,685000,Dombivli
957,4,3,2560,98115,890000,Ulhasnagar
958,5,3.5,2966,98126,1263500,Bhiwandi
959,3,2.5,1763,98117,1135000,Vasai
960,3,2.5,1550,98116,1350000,Virar
961,2,1,830,98177,645000,Palghar
962,2,2,1019,98119,499000,Alibaug
963,1,1,696,98105,385000,Pen
964,5,3.5,5090,98102,4325000,Panvel
965,3,4.5,1460,98108,700000,Karjat
966,2,2,1036,98103,789950,Lonavala
967,1,1,854,98103,540000,Mahad
968,3,3,1687,98115,1035000,Mumbai
969,3,1.5,1430,98168,438000,Delhi
970,2,2,1960,98168,580000,Bengaluru
971,4,3.5,2720,98115,1395000,Chennai
972,1,1,706,98116,520000,Hyderabad
973,3,2,2600,98144,1525000,Kolkata
974,3,2,1900,98115,965000,Pune
975,2,1.5,1580,98115,1300000,Ahmedabad
976,1,1,1270,98108,915000,Jaipur
977,4,2.5,2320,98108,1001000,Chandigarh
978,3,1,910,98106,650000,Kochi
979,2,2,878,98121,675000,Trivandrum
980,2,1,1915,98133,725000,Coimbatore
981,3,2,2462,98119,1150000,Madurai
982,4,3.5,2640,98103,1750000,Salem
983,3,2.5,1670,98144,875000,Erode
984,3,1,1090,98133,630000,Tiruppur
985,3,3.5,1621,98109,1085000,Vellore
986,4,2,2591,98125,800000,Tiruchirappalli
987,2,2,1400,98119,1295000,Thanjavur
988,2,2.5,840,98118,612500,Kanchipuram
989,4,3.5,2910,98115,2325000,Nagercoil
990,2,1,1410,98118,590000,Thoothukudi
991,2,1,770,98106,560000,Dindigul
992,3,2,1900,98199,1299000,Karur
993,3,2,2760,98119,1256000,Namakkal
994,3,2,1290,98144,925000,Hosur
995,3,2,1111,98112,849000,Krishnagiri
996,2,2,850,98115,889900,Dharmapuri
997,2,1.5,900,98105,568000,Villupuram
998,6,5,2667,98122,900000,Cuddalore
